Date/Time,Environment:Site Outdoor Air Drybulb Temperature [C](TimeStep),CUBO:Zone Mean Air Temperature [C](TimeStep) 
 05/15  00:01:00,25.4,29.513907132055923 
 05/15  00:02:00,25.4,29.50462597230591 
 05/15  00:03:00,25.4,29.4952010454963 
 05/15  00:04:00,25.4,29.48555448021991 
 05/15  00:05:00,25.3,29.475614157977542 
 05/15  00:06:00,25.3,29.465325313416255 
 05/15  00:07:00,25.3,29.45465819412735 
 05/15  00:08:00,25.3,29.44360994822844 
 05/15  00:09:00,25.2,29.432201689551597 
 05/15  00:10:00,25.2,29.42047129047978 
 05/15  00:11:00,25.2,29.408468978437792 
 05/15  00:12:00,25.2,29.396253161657427 
 05/15  00:13:00,25.1,29.383882813605773 
 05/15  00:14:00,25.1,29.37141359945382 
 05/15  00:15:00,25.1,29.358895698093736 
 05/15  00:16:00,25.1,29.346373054144863 
 05/15  00:17:00,25.1,29.33388313137128 
 05/15  00:18:00,25.0,29.321457016235232 
 05/15  00:19:00,25.0,29.309119789078316 
 05/15  00:20:00,25.0,29.29689106627529 
 05/15  00:21:00,25.0,29.28478563589174 
 05/15  00:22:00,24.9,29.27281406049675 
 05/15  00:23:00,24.9,29.260983357001813 
 05/15  00:24:00,24.9,29.249297589546064 
 05/15  00:25:00,24.9,29.237758388234173 
 05/15  00:26:00,24.8,29.226365408532665 
 05/15  00:27:00,24.8,29.21511672541297 
 05/15  00:28:00,24.8,29.20400916479193 
 05/15  00:29:00,24.8,29.19303859288873 
 05/15  00:30:00,24.7,29.182200167277493 
 05/15  00:31:00,24.7,29.17148853969357 
 05/15  00:32:00,24.7,29.160898014034483 
 05/15  00:33:00,24.7,29.150422681653552 
 05/15  00:34:00,24.7,29.140056557910043 
 05/15  00:35:00,24.6,29.129793709897925 
 05/15  00:36:00,24.6,29.119628347779294 
 05/15  00:37:00,24.6,29.1095548725496 
 05/15  00:38:00,24.6,29.099567900959975 
 05/15  00:39:00,24.5,29.089662276138647 
 05/15  00:40:00,24.5,29.079833058906747 
 05/15  00:41:00,24.5,29.070075505914275 
 05/15  00:42:00,24.5,29.060385056588647 
 05/15  00:43:00,24.5,29.050757350528055 
 05/15  00:44:00,24.4,29.041188261631593 
 05/15  00:45:00,24.4,29.03167391728903 
 05/15  00:46:00,24.4,29.022210691447487 
 05/15  00:47:00,24.4,29.01279518868459 
 05/15  00:48:00,24.3,29.00342422478917 
 05/15  00:49:00,24.3,28.994094796368696 
 05/15  00:50:00,24.3,28.984804043638547 
 05/15  00:51:00,24.3,28.975549226843206 
 05/15  00:52:00,24.2,28.966327716906495 
 05/15  00:53:00,24.2,28.957136984998748 
 05/15  00:54:00,24.2,28.947974588125426 
 05/15  00:55:00,24.2,28.938838166461103 
 05/15  00:56:00,24.2,28.929725470511336 
 05/15  00:57:00,24.1,28.920634402880324 
 05/15  00:58:00,24.1,28.911563042697004 
 05/15  00:59:00,24.1,28.902509641860654 
 05/15  01:00:00,24.1,28.893472610792696 
 05/15  01:01:00,24.0,28.88445049976246 
 05/15  01:02:00,24.0,28.875441968781995 
 05/15  01:03:00,24.0,28.866445750572517 
 05/15  01:04:00,24.0,28.857460627275767 
 05/15  01:05:00,24.0,28.848485441480292 
 05/15  01:06:00,23.9,28.839519127020818 
 05/15  01:07:00,23.9,28.83056072721513 
 05/15  01:08:00,23.9,28.821609388816675 
 05/15  01:09:00,23.9,28.812664348364088 
 05/15  01:10:00,23.9,28.803724935911667 
 05/15  01:11:00,23.8,28.794790589088716 
 05/15  01:12:00,23.8,28.78586085196951 
 05/15  01:13:00,23.8,28.77693535159839 
 05/15  01:14:00,23.8,28.768013771104 
 05/15  01:15:00,23.7,28.759095815166503 
 05/15  01:16:00,23.7,28.750181188049922 
 05/15  01:17:00,23.7,28.741269564374694 
 05/15  01:18:00,23.7,28.732360582396673 
 05/15  01:19:00,23.7,28.72345385348302 
 05/15  01:20:00,23.6,28.71454898659032 
 05/15  01:21:00,23.6,28.70564562296603 
 05/15  01:22:00,23.6,28.696743453133877 
 05/15  01:23:00,23.6,28.687842203240066 
 05/15  01:24:00,23.6,28.678941641055868 
 05/15  01:25:00,23.5,28.670041585420307 
 05/15  01:26:00,23.5,28.66114191969646 
 05/15  01:27:00,23.5,28.652242587820854 
 05/15  01:28:00,23.5,28.6433435636472 
 05/15  01:29:00,23.4,28.63444481514793 
 05/15  01:30:00,23.4,28.62554628467952 
 05/15  01:31:00,23.4,28.616647862983466 
 05/15  01:32:00,23.4,28.607749385407327 
 05/15  01:33:00,23.4,28.5988506436904 
 05/15  01:34:00,23.3,28.589951412279422 
 05/15  01:35:00,23.3,28.58105148462753 
 05/15  01:36:00,23.3,28.57215068159119 
 05/15  01:37:00,23.3,28.56324885754016 
 05/15  01:38:00,23.3,28.55434590295954 
 05/15  01:39:00,23.2,28.545441750870722 
 05/15  01:40:00,23.2,28.53653638996329 
 05/15  01:41:00,23.2,28.527629851521073 
 05/15  01:42:00,23.2,28.518722198277995 
 05/15  01:43:00,23.2,28.509813514730155 
 05/15  01:44:00,23.1,28.50090390588815 
 05/15  01:45:00,23.1,28.491993506479282 
 05/15  01:46:00,23.1,28.483082466751956 
 05/15  01:47:00,23.1,28.474170942109758 
 05/15  01:48:00,23.1,28.465259085434127 
 05/15  01:49:00,23.0,28.45634704851138 
 05/15  01:50:00,23.0,28.447434994120293 
 05/15  01:51:00,23.0,28.43852308473163 
 05/15  01:52:00,23.0,28.429611474860312 
 05/15  01:53:00,23.0,28.420700305904433 
 05/15  01:54:00,22.9,28.411789709814993 
 05/15  01:55:00,22.9,28.40287982307472 
 05/15  01:56:00,22.9,28.393970777013475 
 05/15  01:57:00,22.9,28.385062691497446 
 05/15  01:58:00,22.9,28.376155670916624 
 05/15  01:59:00,22.8,28.36724980880962 
 05/15  02:00:00,22.8,28.35834520256715 
 05/15  02:01:00,22.8,28.349441944331314 
 05/15  02:02:00,22.8,28.340540115128046 
 05/15  02:03:00,22.8,28.331639781235605 
 05/15  02:04:00,22.8,28.32274102879457 
 05/15  02:05:00,22.7,28.313844010509403 
 05/15  02:06:00,22.7,28.304948963982195 
 05/15  02:07:00,22.7,28.2960561909377 
 05/15  02:08:00,22.7,28.287166020543857 
 05/15  02:09:00,22.7,28.278278789173886 
 05/15  02:10:00,22.6,28.26939483498621 
 05/15  02:11:00,22.6,28.26051448451621 
 05/15  02:12:00,22.6,28.25163802453365 
 05/15  02:13:00,22.6,28.242765677066558 
 05/15  02:14:00,22.6,28.233897601467817 
 05/15  02:15:00,22.5,28.22503391434865 
 05/15  02:16:00,22.5,28.216174699537053 
 05/15  02:17:00,22.5,28.207319998784126 
 05/15  02:18:00,22.5,28.1984698004177 
 05/15  02:19:00,22.5,28.18962405019606 
 05/15  02:20:00,22.5,28.18078269585615 
 05/15  02:21:00,22.4,28.171945739212926 
 05/15  02:22:00,22.4,28.16311325805203 
 05/15  02:23:00,22.4,28.154285388390406 
 05/15  02:24:00,22.4,28.145462290559745 
 05/15  02:25:00,22.4,28.136644131377622 
 05/15  02:26:00,22.3,28.12783108072307 
 05/15  02:27:00,22.3,28.119023299726315 
 05/15  02:28:00,22.3,28.110220913873544 
 05/15  02:29:00,22.3,28.101423988973615 
 05/15  02:30:00,22.3,28.092632533904265 
 05/15  02:31:00,22.3,28.083846540803137 
 05/15  02:32:00,22.2,28.075066035616892 
 05/15  02:33:00,22.2,28.06629110038406 
 05/15  02:34:00,22.2,28.057521857108238 
 05/15  02:35:00,22.2,28.048758436123652 
 05/15  02:36:00,22.2,28.040000960821267 
 05/15  02:37:00,22.2,28.031249566584144 
 05/15  02:38:00,22.1,28.02250443169375 
 05/15  02:39:00,22.1,28.01376578404253 
 05/15  02:40:00,22.1,28.00503387419501 
 05/15  02:41:00,22.1,27.996308937335 
 05/15  02:42:00,22.1,27.98759117512702 
 05/15  02:43:00,22.1,27.9788807743924 
 05/15  02:44:00,22.0,27.97017793950259 
 05/15  02:45:00,22.0,27.96148290162905 
 05/15  02:46:00,22.0,27.952795894867382 
 05/15  02:47:00,22.0,27.944117121401007 
 05/15  02:48:00,22.0,27.935446736487247 
 05/15  02:49:00,22.0,27.926784870020143 
 05/15  02:50:00,21.9,27.91813166150132 
 05/15  02:51:00,21.9,27.909487271535767 
 05/15  02:52:00,21.9,27.900851859872578 
 05/15  02:53:00,21.9,27.892225552171567 
 05/15  02:54:00,21.9,27.883608426302988 
 05/15  02:55:00,21.9,27.87500053496576 
 05/15  02:56:00,21.8,27.866401941493653 
 05/15  02:57:00,21.8,27.85781273200437 
 05/15  02:58:00,21.8,27.849232993942078 
 05/15  02:59:00,21.8,27.840662783216747 
 05/15  03:00:00,21.8,27.832102110765895 
 05/15  03:01:00,21.8,27.823550965341667 
 05/15  03:02:00,21.8,27.81500936918962 
 05/15  03:03:00,21.7,27.806477430499775 
 05/15  03:04:00,21.7,27.797955353336103 
 05/15  03:05:00,21.7,27.789443399911992 
 05/15  03:06:00,21.7,27.78094183467498 
 05/15  03:07:00,21.7,27.772450887347787 
 05/15  03:08:00,21.7,27.76397075575448 
 05/15  03:09:00,21.6,27.755501627098393 
 05/15  03:10:00,21.6,27.747043681032526 
 05/15  03:11:00,21.6,27.738597063847322 
 05/15  03:12:00,21.6,27.730161854886646 
 05/15  03:13:00,21.6,27.72173805490418 
 05/15  03:14:00,21.6,27.71332561220468 
 05/15  03:15:00,21.6,27.70492448249274 
 05/15  03:16:00,21.5,27.696534685782648 
 05/15  03:17:00,21.5,27.68815632072488 
 05/15  03:18:00,21.5,27.67978953099248 
 05/15  03:19:00,21.5,27.67143445305715 
 05/15  03:20:00,21.5,27.663091182438734 
 05/15  03:21:00,21.5,27.65475977924653 
 05/15  03:22:00,21.5,27.646440311477036 
 05/15  03:23:00,21.4,27.638132900167633 
 05/15  03:24:00,21.4,27.629837726438645 
 05/15  03:25:00,21.4,27.62155499424707 
 05/15  03:26:00,21.4,27.613284877234236 
 05/15  03:27:00,21.4,27.605027485879315 
 05/15  03:28:00,21.4,27.5967828750666 
 05/15  03:29:00,21.4,27.588551089998838 
 05/15  03:30:00,21.4,27.580332233947622 
 05/15  03:31:00,21.3,27.572126518338173 
 05/15  03:32:00,21.3,27.56393425950378 
 05/15  03:33:00,21.3,27.555755823080926 
 05/15  03:34:00,21.3,27.547591550847685 
 05/15  03:35:00,21.3,27.539441710429944 
 05/15  03:36:00,21.3,27.531306489962486 
 05/15  03:37:00,21.3,27.523186035991536 
 05/15  03:38:00,21.3,27.515080517535907 
 05/15  03:39:00,21.2,27.506990175845356 
 05/15  03:40:00,21.2,27.498915323183144 
 05/15  03:41:00,21.2,27.490856290711726 
 05/15  03:42:00,21.2,27.482813359575484 
 05/15  03:43:00,21.2,27.474786715088232 
 05/15  03:44:00,21.2,27.466776445766357 
 05/15  03:45:00,21.2,27.458782585284222 
 05/15  03:46:00,21.2,27.45080518015866 
 05/15  03:47:00,21.1,27.442844342662262 
 05/15  03:48:00,21.1,27.434900252296437 
 05/15  03:49:00,21.1,27.426973105926947 
 05/15  03:50:00,21.1,27.41906305070843 
 05/15  03:51:00,21.1,27.411170139744673 
 05/15  03:52:00,21.1,27.403294332270633 
 05/15  03:53:00,21.1,27.395435536480566 
 05/15  03:54:00,21.1,27.387593677855634 
 05/15  03:55:00,21.0,27.379768752536915 
 05/15  03:56:00,21.0,27.371960829114528 
 05/15  03:57:00,21.0,27.36416999896324 
 05/15  03:58:00,21.0,27.35639630926844 
 05/15  03:59:00,21.0,27.348639718702596 
 05/15  04:00:00,21.0,27.340900097552172 
 05/15  04:01:00,21.0,27.333177270435034 
 05/15  04:02:00,21.0,27.325471084477208 
 05/15  04:03:00,21.0,27.317781482258074 
 05/15  04:04:00,20.9,27.31010854361659 
 05/15  04:05:00,20.9,27.302452467142867 
 05/15  04:06:00,20.9,27.294813498193584 
 05/15  04:07:00,20.9,27.287191842017915 
 05/15  04:08:00,20.9,27.279587604098925 
 05/15  04:09:00,20.9,27.272000779974675 
 05/15  04:10:00,20.9,27.26443129217098 
 05/15  04:11:00,20.9,27.25687905618635 
 05/15  04:12:00,20.9,27.24934405383634 
 05/15  04:13:00,20.9,27.241826396900628 
 05/15  04:14:00,20.8,27.234326351892335 
 05/15  04:15:00,20.8,27.22684430295006 
 05/15  04:16:00,20.8,27.219380663766415 
 05/15  04:17:00,20.8,27.21193577904374 
 05/15  04:18:00,20.8,27.2045098579005 
 05/15  04:19:00,20.8,27.197102960909724 
 05/15  04:20:00,20.8,27.189715037448355 
 05/15  04:21:00,20.8,27.182345994304484 
 05/15  04:22:00,20.8,27.17499577298256 
 05/15  04:23:00,20.8,27.167664417969437 
 05/15  04:24:00,20.8,27.16035212602996 
 05/15  04:25:00,20.7,27.153059253916457 
 05/15  04:26:00,20.7,27.14578626590674 
 05/15  04:27:00,20.7,27.138533634255815 
 05/15  04:28:00,20.7,27.131301733566243 
 05/15  04:29:00,20.7,27.124090771053506 
 05/15  04:30:00,20.7,27.116900773527163 
 05/15  04:31:00,20.7,27.109731626836194 
 05/15  04:32:00,20.7,27.102583147900674 
 05/15  04:33:00,20.7,27.095455166116835 
 05/15  04:34:00,20.7,27.088347595923004 
 05/15  04:35:00,20.7,27.081260490274666 
 05/15  04:36:00,20.7,27.07419407195157 
 05/15  04:37:00,20.6,27.06714872471851 
 05/15  04:38:00,20.6,27.060124928091614 
 05/15  04:39:00,20.6,27.053123149421058 
 05/15  04:40:00,20.6,27.046143733911865 
 05/15  04:41:00,20.6,27.039186833729065 
 05/15  04:42:00,20.6,27.032252396088108 
 05/15  04:43:00,20.6,27.025340205254963 
 05/15  04:44:00,20.6,27.018449957921298 
 05/15  04:45:00,20.6,27.011581348259547 
 05/15  04:46:00,20.6,27.00473414411634 
 05/15  04:47:00,20.6,26.997908243885007 
 05/15  04:48:00,20.6,26.99110371086322 
 05/15  04:49:00,20.6,26.984320786795507 
 05/15  04:50:00,20.6,26.97755988878192 
 05/15  04:51:00,20.5,26.970821574706978 
 05/15  04:52:00,20.5,26.964106461276216 
 05/15  04:53:00,20.5,26.95741510718705 
 05/15  04:54:00,20.5,26.95074790028257 
 05/15  04:55:00,20.5,26.944104988034592 
 05/15  04:56:00,20.5,26.937486269707186 
 05/15  04:57:00,20.5,26.930891443917904 
 05/15  04:58:00,20.5,26.924317040649004 
 05/15  04:59:00,20.5,26.917760944151905 
 05/15  05:00:00,20.5,26.911222434577958 
 05/15  05:01:00,20.5,26.904699909823673 
 05/15  05:02:00,20.5,26.89819115807453 
 05/15  05:03:00,20.5,26.89169542606854 
 05/15  05:04:00,20.6,26.88521306354395 
 05/15  05:05:00,20.6,26.878744928590923 
 05/15  05:06:00,20.6,26.872290638096487 
 05/15  05:07:00,20.6,26.865850791596785 
 05/15  05:08:00,20.6,26.859426995172008 
 05/15  05:09:00,20.6,26.853021442818328 
 05/15  05:10:00,20.7,26.846636724188077 
 05/15  05:11:00,20.7,26.840275606993554 
 05/15  05:12:00,20.7,26.833940969535227 
 05/15  05:13:00,20.7,26.827635798499117 
 05/15  05:14:00,20.7,26.82136317454621 
 05/15  05:15:00,20.8,26.81512623630776 
 05/15  05:16:00,20.8,26.808928149719694 
 05/15  05:17:00,20.8,26.80277209461069 
 05/15  05:18:00,20.8,26.7966612535956 
 05/15  05:19:00,20.8,26.790598780344897 
 05/15  05:20:00,20.9,26.784587755781523 
 05/15  05:21:00,20.9,26.778631159726793 
 05/15  05:22:00,20.9,26.77273186656794 
 05/15  05:23:00,20.9,26.7668926472031 
 05/15  05:24:00,20.9,26.76111615250967 
 05/15  05:25:00,20.9,26.755404866278774 
 05/15  05:26:00,21.0,26.749761052679386 
 05/15  05:27:00,21.0,26.74418667103704 
 05/15  05:28:00,21.0,26.738683527217045 
 05/15  05:29:00,21.0,26.733253272646422 
 05/15  05:30:00,21.1,26.727897356880746 
 05/15  05:31:00,21.1,26.722617131865164 
 05/15  05:32:00,21.1,26.71741392874205 
 05/15  05:33:00,21.1,26.712289086015335 
 05/15  05:34:00,21.1,26.707243929296048 
 05/15  05:35:00,21.2,26.702279728260873 
 05/15  05:36:00,21.2,26.69739766642467 
 05/15  05:37:00,21.2,26.692598835791195 
 05/15  05:38:00,21.2,26.687884239835093 
 05/15  05:39:00,21.2,26.68325478017021 
 05/15  05:40:00,21.3,26.678711234016678 
 05/15  05:41:00,21.3,26.67425424810194 
 05/15  05:42:00,21.3,26.669884356148007 
 05/15  05:43:00,21.3,26.665602001095298 
 05/15  05:44:00,21.3,26.66140753658376 
 05/15  05:45:00,21.4,26.6573012148641 
 05/15  05:46:00,21.4,26.653283187338722 
 05/15  05:47:00,21.4,26.649353525658192 
 05/15  05:48:00,21.4,26.6455122453074 
 05/15  05:49:00,21.5,26.641759326479903 
 05/15  05:50:00,21.5,26.63809474091837 
 05/15  05:51:00,21.5,26.634518481945488 
 05/15  05:52:00,21.5,26.63103057866646 
 05/15  05:53:00,21.6,26.6276310899245 
 05/15  05:54:00,21.6,26.624320110387682 
 05/15  05:55:00,21.6,26.62109777636502 
 05/15  05:56:00,21.6,26.617964257247433 
 05/15  05:57:00,21.6,26.61491971972527 
 05/15  05:58:00,21.7,26.611964269738035 
 05/15  05:59:00,21.7,26.609097922016876 
 05/15  06:00:00,21.7,26.606320598058335 
 05/15  06:01:00,21.8,26.60363215368995 
 05/15  06:02:00,21.9,26.60103245129872 
 05/15  06:03:00,22.0,26.598521495017494 
 05/15  06:04:00,22.1,26.596099628538845 
 05/15  06:05:00,22.1,26.593767749080108 
 05/15  06:06:00,22.2,26.59152747454221 
 05/15  06:07:00,22.3,26.589381231936922 
 05/15  06:08:00,22.4,26.587332278379982 
 05/15  06:09:00,22.5,26.585384680754228 
 05/15  06:10:00,22.6,26.583543280581782 
 05/15  06:11:00,22.6,26.5818136338522 
 05/15  06:12:00,22.7,26.580201903072528 
 05/15  06:13:00,22.8,26.578714704467053 
 05/15  06:14:00,22.9,26.5773589428596 
 05/15  06:15:00,23.0,26.576141672512993 
 05/15  06:16:00,23.1,26.57507000555358 
 05/15  06:17:00,23.2,26.57415106732929 
 05/15  06:18:00,23.3,26.573391983409074 
 05/15  06:19:00,23.3,26.57279985957555 
 05/15  06:20:00,23.4,26.572381719542694 
 05/15  06:21:00,23.5,26.572144401141152 
 05/15  06:22:00,23.6,26.572094445071748 
 05/15  06:23:00,23.7,26.57223801568383 
 05/15  06:24:00,23.8,26.572580874809052 
 05/15  06:25:00,23.9,26.57312840588977 
 05/15  06:26:00,24.0,26.573885670316674 
 05/15  06:27:00,24.0,26.574857454601055 
 05/15  06:28:00,24.1,26.576048270907375 
 05/15  06:29:00,24.2,26.577462310175335 
 05/15  06:30:00,24.3,26.57910338109559 
 05/15  06:31:00,24.4,26.580974874123953 
 05/15  06:32:00,24.5,26.583079771712644 
 05/15  06:33:00,24.6,26.58542070242648 
 05/15  06:34:00,24.7,26.58800002145244 
 05/15  06:35:00,24.8,26.590819896522486 
 05/15  06:36:00,24.9,26.593882382843823 
 05/15  06:37:00,24.9,26.59718945837794 
 05/15  06:38:00,25.0,26.600742996883774 
 05/15  06:39:00,25.1,26.604546193511737 
 05/15  06:40:00,25.2,26.608601284972995 
 05/15  06:41:00,25.3,26.61291101554809 
 05/15  06:42:00,25.4,26.617478360223686 
 05/15  06:43:00,25.5,26.622304623347603 
 05/15  06:44:00,25.6,26.627393015017343 
 05/15  06:45:00,25.7,26.63274499302965 
 05/15  06:46:00,25.8,26.638360665345562 
 05/15  06:47:00,25.8,26.64423968348626 
 05/15  06:48:00,25.9,26.650381659629932 
 05/15  06:49:00,26.0,26.6567861939415 
 05/15  06:50:00,26.1,26.66345276570822 
 05/15  06:51:00,26.2,26.670380643253957 
 05/15  06:52:00,26.3,26.677568862562865 
 05/15  06:53:00,26.4,26.68501626760195 
 05/15  06:54:00,26.5,26.69272158587197 
 05/15  06:55:00,26.6,26.700683512811487 
 05/15  06:56:00,26.7,26.708900786354768 
 05/15  06:57:00,26.8,26.717372241816765 
 05/15  06:58:00,26.9,26.726096844459125 
 05/15  06:59:00,26.9,26.73507368198419 
 05/15  07:00:00,27.0,26.7443019008313 
 05/15  07:01:00,27.1,26.75378059996583 
 05/15  07:02:00,27.2,26.763508722719887 
 05/15  07:03:00,27.3,26.77348498777609 
 05/15  07:04:00,27.4,26.78370787916964 
 05/15  07:05:00,27.5,26.79417569023101 
 05/15  07:06:00,27.6,26.804886600939575 
 05/15  07:07:00,27.7,26.815838764992243 
 05/15  07:08:00,27.8,26.827030388034448 
 05/15  07:09:00,27.8,26.838459766835147 
 05/15  07:10:00,27.9,26.850125265787426 
 05/15  07:11:00,28.0,26.862025241235873 
 05/15  07:12:00,28.1,26.874157953893146 
 05/15  07:13:00,28.2,26.88652151169934 
 05/15  07:14:00,28.3,26.899113864861953 
 05/15  07:15:00,28.4,26.911932849891762 
 05/15  07:16:00,28.5,26.92497626375058 
 05/15  07:17:00,28.6,26.938241945718644 
 05/15  07:18:00,28.7,26.951727849393812 
 05/15  07:19:00,28.7,26.965432075270634 
 05/15  07:20:00,28.8,26.97935284071616 
 05/15  07:21:00,28.9,26.9934883981179 
 05/15  07:22:00,29.0,27.00783694162838 
 05/15  07:23:00,29.1,27.02239654493906 
 05/15  07:24:00,29.2,27.037165151838686 
 05/15  07:25:00,29.3,27.052140616346254 
 05/15  07:26:00,29.4,27.067320773484965 
 05/15  07:27:00,29.5,27.082703518245175 
 05/15  07:28:00,29.5,27.09828685533309 
 05/15  07:29:00,29.6,27.11406888942631 
 05/15  07:30:00,29.7,27.130047761943015 
 05/15  07:31:00,29.8,27.14622157235783 
 05/15  07:32:00,29.9,27.162588325855797 
 05/15  07:33:00,30.0,27.179145929461562 
 05/15  07:34:00,30.1,27.19589223427265 
 05/15  07:35:00,30.2,27.21282510580141 
 05/15  07:36:00,30.3,27.229942500825178 
 05/15  07:37:00,30.3,27.24724251402283 
 05/15  07:38:00,30.4,27.264723364626626 
 05/15  07:39:00,30.5,27.28238332946242 
 05/15  07:40:00,30.6,27.30022066066365 
 05/15  07:41:00,30.7,27.318233530008335 
 05/15  07:42:00,30.8,27.336420022096576 
 05/15  07:43:00,30.9,27.35477817402042 
 05/15  07:44:00,31.0,27.373306043517537 
 05/15  07:45:00,31.1,27.392001783976294 
 05/15  07:46:00,31.1,27.410863689521562 
 05/15  07:47:00,31.2,27.429890180361046 
 05/15  07:48:00,31.3,27.449079734733136 
 05/15  07:49:00,31.4,27.468430805726708 
 05/15  07:50:00,31.5,27.487941764910914 
 05/15  07:51:00,31.6,27.507610894974412 
 05/15  07:52:00,31.7,27.52743642899937 
 05/15  07:53:00,31.7,27.547416598549848 
 05/15  07:54:00,31.8,27.56754964846883 
 05/15  07:55:00,31.9,27.58783381020725 
 05/15  07:56:00,32.0,27.608267260461734 
 05/15  07:57:00,32.1,27.628848100178967 
 05/15  07:58:00,32.2,27.649574373288296 
 05/15  07:59:00,32.3,27.670444122666275 
 05/15  08:00:00,32.3,27.69145544682959 
 05/15  08:01:00,32.4,27.712606517104188 
 05/15  08:02:00,32.5,27.733895548956866 
 05/15  08:03:00,32.5,27.755320736082133 
 05/15  08:04:00,32.6,27.776880163104657 
 05/15  08:05:00,32.7,27.79857172601728 
 05/15  08:06:00,32.7,27.82039307486781 
 05/15  08:07:00,32.8,27.842341579484696 
 05/15  08:08:00,32.8,27.864414304970182 
 05/15  08:09:00,32.9,27.886607990752566 
 05/15  08:10:00,33.0,27.90891905019163 
 05/15  08:11:00,33.0,27.93134359881507 
 05/15  08:12:00,33.1,27.953877505609878 
 05/15  08:13:00,33.2,27.97651646631856 
 05/15  08:14:00,33.2,27.99925608620337 
 05/15  08:15:00,33.3,28.022091955586674 
 05/15  08:16:00,33.3,28.04501969788233 
 05/15  08:17:00,33.4,28.068034984991897 
 05/15  08:18:00,33.5,28.091133542901268 
 05/15  08:19:00,33.5,28.11431116324635 
 05/15  08:20:00,33.6,28.137563722874635 
 05/15  08:21:00,33.7,28.160887216853702 
 05/15  08:22:00,33.7,28.184277797412808 
 05/15  08:23:00,33.8,28.207731805697023 
 05/15  08:24:00,33.8,28.231245778378725 
 05/15  08:25:00,33.9,28.25481642536926 
 05/15  08:26:00,34.0,28.278440602141757 
 05/15  08:27:00,34.0,28.302115292616776 
 05/15  08:28:00,34.1,28.325837604498343 
 05/15  08:29:00,34.1,28.349604762359725 
 05/15  08:30:00,34.2,28.373414089880157 
 05/15  08:31:00,34.2,28.397262977180134 
 05/15  08:32:00,34.3,28.421148841575903 
 05/15  08:33:00,34.4,28.445069108323036 
 05/15  08:34:00,34.4,28.469021221689964 
 05/15  08:35:00,34.5,28.493002678508955 
 05/15  08:36:00,34.5,28.517011060155216 
 05/15  08:37:00,34.6,28.541044047895497 
 05/15  08:38:00,34.7,28.565099434285965 
 05/15  08:39:00,34.7,28.589175139142053 
 05/15  08:40:00,34.8,28.613269228425953 
 05/15  08:41:00,34.8,28.637379920833084 
 05/15  08:42:00,34.9,28.661505574782506 
 05/15  08:43:00,34.9,28.685644653841837 
 05/15  08:44:00,35.0,28.709795681087666 
 05/15  08:45:00,35.1,28.733957210889 
 05/15  08:46:00,35.1,28.75812782993955 
 05/15  08:47:00,35.2,28.78230618073228 
 05/15  08:48:00,35.2,28.806490984094218 
 05/15  08:49:00,35.3,28.830681046112424 
 05/15  08:50:00,35.3,28.854875242475256 
 05/15  08:51:00,35.4,28.87907248814698 
 05/15  08:52:00,35.4,28.903271700219957 
 05/15  08:53:00,35.5,28.927471765388557 
 05/15  08:54:00,35.5,28.95167151554684 
 05/15  08:55:00,35.6,28.97586971578675 
 05/15  08:56:00,35.7,29.000065081740548 
 05/15  08:57:00,35.7,29.024256326998582 
 05/15  08:58:00,35.8,29.04844222616925 
 05/15  08:59:00,35.8,29.072621666543817 
 05/15  09:00:00,35.9,29.0967936731603 
 05/15  09:01:00,35.9,29.12095740162951 
 05/15  09:02:00,35.9,29.14511208892427 
 05/15  09:03:00,36.0,29.16925697158451 
 05/15  09:04:00,36.0,29.193391194337043 
 05/15  09:05:00,36.0,29.21751372112535 
 05/15  09:06:00,36.1,29.24162326425362 
 05/15  09:07:00,36.1,29.265718245433305 
 05/15  09:08:00,36.1,29.289796782883872 
 05/15  09:09:00,36.2,29.31385670168683 
 05/15  09:10:00,36.2,29.33789556723488 
 05/15  09:11:00,36.2,29.36191072821491 
 05/15  09:12:00,36.3,29.385899364062794 
 05/15  09:13:00,36.3,29.409858538124123 
 05/15  09:14:00,36.3,29.433785246210093 
 05/15  09:15:00,36.4,29.457676459277568 
 05/15  09:16:00,36.4,29.481529165007004 
 05/15  09:17:00,36.4,29.505340400885743 
 05/15  09:18:00,36.5,29.52910727973206 
 05/15  09:19:00,36.5,29.552827013980863 
 05/15  09:20:00,36.5,29.57649693233746 
 05/15  09:21:00,36.6,29.600114490318717 
 05/15  09:22:00,36.6,29.623677281288014 
 05/15  09:23:00,36.6,29.64718304166898 
 05/15  09:24:00,36.6,29.670629631899345 
 05/15  09:25:00,36.7,29.694014998950866 
 05/15  09:26:00,36.7,29.71733714341878 
 05/15  09:27:00,36.7,29.74059410005569 
 05/15  09:28:00,36.8,29.763783938773827 
 05/15  09:29:00,36.8,29.786904788502156 
 05/15  09:30:00,36.8,29.80995486833099 
 05/15  09:31:00,36.8,29.832932498057705 
 05/15  09:32:00,36.9,29.855836087108216 
 05/15  09:33:00,36.9,29.87866412123921 
 05/15  09:34:00,36.9,29.90141515494857 
 05/15  09:35:00,37.0,29.924087817342244 
 05/15  09:36:00,37.0,29.94668083535241 
 05/15  09:37:00,37.0,29.969193060415883 
 05/15  09:38:00,37.0,29.991623472234522 
 05/15  09:39:00,37.1,30.013971159808992 
 05/15  09:40:00,37.1,30.036235300046958 
 05/15  09:41:00,37.1,30.05841514246822 
 05/15  09:42:00,37.1,30.080509988180932 
 05/15  09:43:00,37.2,30.102519166552455 
 05/15  09:44:00,37.2,30.124442025259484 
 05/15  09:45:00,37.2,30.146277934835396 
 05/15  09:46:00,37.2,30.16802628927174 
 05/15  09:47:00,37.3,30.189686501756356 
 05/15  09:48:00,37.3,30.211258009182238 
 05/15  09:49:00,37.3,30.23274028615441 
 05/15  09:50:00,37.3,30.254132850609604 
 05/15  09:51:00,37.4,30.275435261095822 
 05/15  09:52:00,37.4,30.296647120370434 
 05/15  09:53:00,37.4,30.317768086943122 
 05/15  09:54:00,37.4,30.33879787738497 
 05/15  09:55:00,37.4,30.359736240020126 
 05/15  09:56:00,37.5,30.380582914362456 
 05/15  09:57:00,37.5,30.401337607692962 
 05/15  09:58:00,37.5,30.421999999265697 
 05/15  09:59:00,37.5,30.442569754174965 
 05/15  10:00:00,37.6,30.4630465407556 
 05/15  10:01:00,37.6,30.483430058559485 
 05/15  10:02:00,37.6,30.50372007247966 
 05/15  10:03:00,37.6,30.523916432368093 
 05/15  10:04:00,37.6,30.544019057603453 
 05/15  10:05:00,37.6,30.564027881410553 
 05/15  10:06:00,37.7,30.583942786863926 
 05/15  10:07:00,37.7,30.60376357603157 
 05/15  10:08:00,37.7,30.623489983145248 
 05/15  10:09:00,37.7,30.643121708125758 
 05/15  10:10:00,37.7,30.66265843716216 
 05/15  10:11:00,37.7,30.682099831051932 
 05/15  10:12:00,37.7,30.701445482607816 
 05/15  10:13:00,37.8,30.720694877985334 
 05/15  10:14:00,37.8,30.739847400395874 
 05/15  10:15:00,37.8,30.758902380652973 
 05/15  10:16:00,37.8,30.777859164431202 
 05/15  10:17:00,37.8,30.796717158616264 
 05/15  10:18:00,37.8,30.81547583575798 
 05/15  10:19:00,37.8,30.834134698323915 
 05/15  10:20:00,37.8,30.85269321924709 
 05/15  10:21:00,37.9,30.87115079865509 
 05/15  10:22:00,37.9,30.889506772828497 
 05/15  10:23:00,37.9,30.907760474531056 
 05/15  10:24:00,37.9,30.92591130972708 
 05/15  10:25:00,37.9,30.943958810054063 
 05/15  10:26:00,37.9,30.961902638948665 
 05/15  10:27:00,37.9,30.979742553347464 
 05/15  10:28:00,37.9,30.997478321036656 
 05/15  10:29:00,37.9,31.015109664699825 
 05/15  10:30:00,38.0,31.032636228427503 
 05/15  10:31:00,38.0,31.050057597355206 
 05/15  10:32:00,38.0,31.067373368576177 
 05/15  10:33:00,38.0,31.08458323669374 
 05/15  10:34:00,38.0,31.101687051940573 
 05/15  10:35:00,38.0,31.11868482827659 
 05/15  10:36:00,38.0,31.13557670377313 
 05/15  10:37:00,38.0,31.152362871539452 
 05/15  10:38:00,38.0,31.169043503158417 
 05/15  10:39:00,38.0,31.18561868191016 
 05/15  10:40:00,38.0,31.202088355350845 
 05/15  10:41:00,38.0,31.218452309841307 
 05/15  10:42:00,38.1,31.23471018493627 
 05/15  10:43:00,38.1,31.250861543942513 
 05/15  10:44:00,38.1,31.26690598671846 
 05/15  10:45:00,38.1,31.282843263621515 
 05/15  10:46:00,38.1,31.298673349046137 
 05/15  10:47:00,38.1,31.314396454543694 
 05/15  10:48:00,38.1,31.330012986804842 
 05/15  10:49:00,38.1,31.345523471413365 
 05/15  10:50:00,38.1,31.360928466450165 
 05/15  10:51:00,38.1,31.376228484784168 
 05/15  10:52:00,38.1,31.391423935689836 
 05/15  10:53:00,38.1,31.406515089068247 
 05/15  10:54:00,38.1,31.421502060590875 
 05/15  10:55:00,38.1,31.436384813570584 
 05/15  10:56:00,38.1,31.45116317265422 
 05/15  10:57:00,38.1,31.465836844789486 
 05/15  10:58:00,38.1,31.480405443764322 
 05/15  10:59:00,38.1,31.49486851557906 
 05/15  11:00:00,38.1,31.50922556279303 
 05/15  11:01:00,38.1,31.523476066706316 
 05/15  11:02:00,38.1,31.537619506778892 
 05/15  11:03:00,38.1,31.551655377071096 
 05/15  11:04:00,38.1,31.56558319974189 
 05/15  11:05:00,38.0,31.579402515795273 
 05/15  11:06:00,38.0,31.59311283264722 
 05/15  11:07:00,38.0,31.60671353781953 
 05/15  11:08:00,38.0,31.62020381570836 
 05/15  11:09:00,38.0,31.633582605714196 
 05/15  11:10:00,38.0,31.646848619407674 
 05/15  11:11:00,37.9,31.660000322082308 
 05/15  11:12:00,37.9,31.673036036058868 
 05/15  11:13:00,37.9,31.685953983273563 
 05/15  11:14:00,37.9,31.698752290700345 
 05/15  11:15:00,37.9,31.711429007541124 
 05/15  11:16:00,37.9,31.723982158280066 
 05/15  11:17:00,37.8,31.73640980822419 
 05/15  11:18:00,37.8,31.74871010231854 
 05/15  11:19:00,37.8,31.76088126598823 
 05/15  11:20:00,37.8,31.772921590130867 
 05/15  11:21:00,37.8,31.7848294316093 
 05/15  11:22:00,37.7,31.796603059596595 
 05/15  11:23:00,37.7,31.80824082690539 
 05/15  11:24:00,37.7,31.819741225509635 
 05/15  11:25:00,37.7,31.831102864506608 
 05/15  11:26:00,37.7,31.8423244533926 
 05/15  11:27:00,37.7,31.85340482704413 
 05/15  11:28:00,37.6,31.864342988670035 
 05/15  11:29:00,37.6,31.875138128068045 
 05/15  11:30:00,37.6,31.885789602145362 
 05/15  11:31:00,37.6,31.896296899591793 
 05/15  11:32:00,37.6,31.90665962158515 
 05/15  11:33:00,37.5,31.916877476946485 
 05/15  11:34:00,37.5,31.92695026824425 
 05/15  11:35:00,37.5,31.936877862102424 
 05/15  11:36:00,37.5,31.946660161883994 
 05/15  11:37:00,37.5,31.95629710696679 
 05/15  11:38:00,37.5,31.96578870946157 
 05/15  11:39:00,37.4,31.975135101453493 
 05/15  11:40:00,37.4,31.984336553430836 
 05/15  11:41:00,37.4,31.993393453767887 
 05/15  11:42:00,37.4,32.00230627247845 
 05/15  11:43:00,37.4,32.01107554148144 
 05/15  11:44:00,37.3,32.019701849796 
 05/15  11:45:00,37.3,32.02818583009112 
 05/15  11:46:00,37.3,32.0365281297827 
 05/15  11:47:00,37.3,32.044729384802004 
 05/15  11:48:00,37.3,32.05279022020722 
 05/15  11:49:00,37.2,32.060711268790726 
 05/15  11:50:00,37.2,32.06849317922131 
 05/15  11:51:00,37.2,32.07613660445256 
 05/15  11:52:00,37.2,32.083642187850835 
 05/15  11:53:00,37.2,32.091010571598076 
 05/15  11:54:00,37.1,32.098242419378785 
 05/15  11:55:00,37.1,32.105338425854974 
 05/15  11:56:00,37.1,32.11229930454276 
 05/15  11:57:00,37.1,32.119125772264496 
 05/15  11:58:00,37.1,32.12581855527394 
 05/15  11:59:00,37.0,32.132378477492516 
 05/15  12:00:00,37.0,32.13880639379744 
 05/15  12:01:00,37.0,32.145103146527184 
 05/15  12:02:00,37.0,32.15126949169811 
 05/15  12:03:00,36.9,32.157306223018374 
 05/15  12:04:00,36.9,32.163214120628545 
 05/15  12:05:00,36.9,32.16899389996737 
 05/15  12:06:00,36.8,32.17464617657074 
 05/15  12:07:00,36.8,32.18017143390897 
 05/15  12:08:00,36.8,32.185569999674286 
 05/15  12:09:00,36.8,32.19084205244546 
 05/15  12:10:00,36.7,32.19598765599148 
 05/15  12:11:00,36.7,32.20100679850822 
 05/15  12:12:00,36.7,32.20589942640151 
 05/15  12:13:00,36.6,32.21066546313845 
 05/15  12:14:00,36.6,32.21530480788937 
 05/15  12:15:00,36.6,32.219817327328336 
 05/15  12:16:00,36.6,32.22420286692766 
 05/15  12:17:00,36.5,32.228461281739335 
 05/15  12:18:00,36.5,32.23259246630251 
 05/15  12:19:00,36.5,32.23659637547713 
 05/15  12:20:00,36.5,32.24047304851322 
 05/15  12:21:00,36.4,32.24422263343654 
 05/15  12:22:00,36.4,32.247845396172785 
 05/15  12:23:00,36.4,32.25134171365599 
 05/15  12:24:00,36.3,32.254712051653684 
 05/15  12:25:00,36.3,32.25795691953812 
 05/15  12:26:00,36.3,32.261076827711946 
 05/15  12:27:00,36.3,32.26407227736181 
 05/15  12:28:00,36.2,32.26694377304638 
 05/15  12:29:00,36.2,32.26969183763909 
 05/15  12:30:00,36.2,32.27231702400543 
 05/15  12:31:00,36.2,32.27481993766885 
 05/15  12:32:00,36.1,32.27720125499929 
 05/15  12:33:00,36.1,32.27946173183489 
 05/15  12:34:00,36.1,32.28160219748569 
 05/15  12:35:00,36.2,32.28362357799398 
 05/15  12:36:00,36.2,32.285526975967244 
 05/15  12:37:00,36.2,32.28731381422732 
 05/15  12:38:00,36.3,32.288986034539356 
 05/15  12:39:00,36.3,32.290546269798796 
 05/15  12:40:00,36.3,32.29199797600637 
 05/15  12:41:00,36.3,32.293345484463266 
 05/15  12:42:00,36.4,32.29459397198287 
 05/15  12:43:00,36.4,32.29574937872458 
 05/15  12:44:00,36.4,32.29681829626677 
 05/15  12:45:00,36.4,32.297807828783384 
 05/15  12:46:00,36.5,32.29872544318698 
 05/15  12:47:00,36.5,32.299578834246546 
 05/15  12:48:00,36.5,32.30037581250596 
 05/15  12:49:00,36.6,32.301124217347805 
 05/15  12:50:00,36.6,32.30183186782048 
 05/15  12:51:00,36.6,32.30250652552772 
 05/15  12:52:00,36.6,32.30315584266159 
 05/15  12:53:00,36.7,32.303787295982914 
 05/15  12:54:00,36.7,32.304408127453385 
 05/15  12:55:00,36.7,32.30502529963443 
 05/15  12:56:00,36.7,32.30564545323551 
 05/15  12:57:00,36.8,32.30627486931061 
 05/15  12:58:00,36.8,32.3069194511855 
 05/15  12:59:00,36.8,32.307584726324464 
 05/15  13:00:00,36.8,32.30827584870079 
 05/15  13:01:00,36.9,32.30899759981483 
 05/15  13:02:00,36.9,32.30975440152055 
 05/15  13:03:00,36.9,32.31055034071836 
 05/15  13:04:00,36.9,32.3113891873485 
 05/15  13:05:00,36.9,32.31227438520151 
 05/15  13:06:00,37.0,32.313209029121104 
 05/15  13:07:00,37.0,32.314195859789656 
 05/15  13:08:00,37.0,32.31523728620951 
 05/15  13:09:00,37.0,32.31633541751661 
 05/15  13:10:00,37.0,32.31749207772104 
 05/15  13:11:00,37.1,32.318708809570076 
 05/15  13:12:00,37.1,32.31998690907606 
 05/15  13:13:00,37.1,32.321327435524964 
 05/15  13:14:00,37.1,32.3227312602204 
 05/15  13:15:00,37.1,32.32419909061347 
 05/15  13:16:00,37.2,32.32573149192461 
 05/15  13:17:00,37.2,32.3273288845631 
 05/15  13:18:00,37.2,32.32899156764758 
 05/15  13:19:00,37.2,32.33071975021491 
 05/15  13:20:00,37.2,32.33251354058921 
 05/15  13:21:00,37.3,32.33437297615049 
 05/15  13:22:00,37.3,32.33629801838413 
 05/15  13:23:00,37.3,32.338288568417205 
 05/15  13:24:00,37.3,32.34034448952255 
 05/15  13:25:00,37.3,32.342465608735665 
 05/15  13:26:00,37.4,32.34465170371491 
 05/15  13:27:00,37.4,32.34690250130612 
 05/15  13:28:00,37.4,32.34921769626649 
 05/15  13:29:00,37.4,32.3515969721359 
 05/15  13:30:00,37.4,32.354039999294976 
 05/15  13:31:00,37.4,32.35654639831794 
 05/15  13:32:00,37.5,32.3591156949541 
 05/15  13:33:00,37.5,32.3617473048889 
 05/15  13:34:00,37.5,32.36444055777999 
 05/15  13:35:00,37.5,32.367194736821894 
 05/15  13:36:00,37.5,32.370009101236086 
 05/15  13:37:00,37.5,32.37288287345847 
 05/15  13:38:00,37.6,32.375815213510116 
 05/15  13:39:00,37.6,32.37880521717293 
 05/15  13:40:00,37.6,32.381851947539786 
 05/15  13:41:00,37.6,32.38495447712566 
 05/15  13:42:00,37.6,32.38811190917648 
 05/15  13:43:00,37.6,32.39132336116104 
 05/15  13:44:00,37.7,32.39458793395963 
 05/15  13:45:00,37.7,32.39790470416196 
 05/15  13:46:00,37.7,32.40127274960487 
 05/15  13:47:00,37.7,32.40469118570437 
 05/15  13:48:00,37.7,32.40815918143753 
 05/15  13:49:00,37.7,32.41167593807174 
 05/15  13:50:00,37.7,32.41524060562748 
 05/15  13:51:00,37.8,32.418852284420524 
 05/15  13:52:00,37.8,32.422510002631554 
 05/15  13:53:00,37.8,32.42621274371436 
 05/15  13:54:00,37.8,32.42995950014932 
 05/15  13:55:00,37.8,32.433749311449866 
 05/15  13:56:00,37.8,32.4375812622434 
 05/15  13:57:00,37.8,32.44145441159118 
 05/15  13:58:00,37.9,32.44536780483197 
 05/15  13:59:00,37.9,32.449320454075846 
 05/15  14:00:00,37.9,32.453311365094365 
 05/15  14:01:00,37.9,32.45733958849121 
 05/15  14:02:00,37.9,32.46140425381382 
 05/15  14:03:00,37.9,32.46550456302392 
 05/15  14:04:00,37.9,32.469639714128235 
 05/15  14:05:00,37.9,32.47380885952297 
 05/15  14:06:00,37.9,32.47801104782375 
 05/15  14:07:00,37.9,32.482245166644546 
 05/15  14:08:00,37.9,32.48650990313532 
 05/15  14:09:00,37.9,32.4908037276559 
 05/15  14:10:00,37.9,32.49512489827585 
 05/15  14:11:00,37.9,32.49947148076148 
 05/15  14:12:00,37.9,32.50384137840153 
 05/15  14:13:00,37.9,32.50823236684994 
 05/15  14:14:00,37.9,32.51264213030387 
 05/15  14:15:00,37.9,32.51706829643839 
 05/15  14:16:00,37.9,32.52150846845629 
 05/15  14:17:00,37.9,32.52596025334614 
 05/15  14:18:00,37.9,32.53042128597971 
 05/15  14:19:00,37.9,32.53488924904808 
 05/15  14:20:00,37.9,32.53936188906816 
 05/15  14:21:00,37.9,32.5438370288231 
 05/15  14:22:00,37.9,32.54831257666047 
 05/15  14:23:00,37.9,32.55278653308576 
 05/15  14:24:00,37.9,32.55725699507218 
 05/15  14:25:00,37.9,32.56172215847555 
 05/15  14:26:00,37.9,32.566180318901196 
 05/15  14:27:00,37.9,32.570629871326915 
 05/15  14:28:00,37.9,32.57506930874251 
 05/15  14:29:00,37.9,32.57949722002719 
 05/15  14:30:00,37.9,32.58391228724949 
 05/15  14:31:00,37.9,32.58831328254307 
 05/15  14:32:00,37.9,32.59269906468394 
 05/15  14:33:00,37.9,32.59706857547131 
 05/15  14:34:00,37.9,32.60142083599423 
 05/15  14:35:00,37.9,32.60575494284964 
 05/15  14:36:00,37.9,32.61006999451427 
 05/15  14:37:00,37.9,32.614365155812344 
 05/15  14:38:00,37.9,32.61863968355775 
 05/15  14:39:00,37.9,32.62289292091219 
 05/15  14:40:00,37.9,32.62712428394299 
 05/15  14:41:00,37.9,32.63133325063462 
 05/15  14:42:00,37.9,32.63551935361105 
 05/15  14:43:00,37.9,32.639682175187424 
 05/15  14:44:00,37.9,32.64382134352904 
 05/15  14:45:00,37.9,32.64793652932752 
 05/15  14:46:00,37.9,32.652027442790214 
 05/15  14:47:00,37.9,32.65609383088161 
 05/15  14:48:00,37.9,32.6601354747859 
 05/15  14:49:00,37.8,32.66415216788071 
 05/15  14:50:00,37.8,32.66814365303166 
 05/15  14:51:00,37.8,32.67210952820209 
 05/15  14:52:00,37.8,32.67604915704593 
 05/15  14:53:00,37.8,32.67996162251016 
 05/15  14:54:00,37.8,32.683845740866445 
 05/15  14:55:00,37.8,32.68770012914278 
 05/15  14:56:00,37.8,32.69152330399192 
 05/15  14:57:00,37.8,32.69531378740357 
 05/15  14:58:00,37.8,32.69907020029876 
 05/15  14:59:00,37.8,32.7027913334989 
 05/15  15:00:00,37.8,32.70647619307478 
 05/15  15:01:00,37.8,32.710124022110705 
 05/15  15:02:00,37.8,32.71373430345373 
 05/15  15:03:00,37.7,32.717306729030454 
 05/15  15:04:00,37.7,32.72084111944522 
 05/15  15:05:00,37.7,32.724337306876244 
 05/15  15:06:00,37.7,32.72779502095893 
 05/15  15:07:00,37.7,32.73121381778087 
 05/15  15:08:00,37.7,32.734593070747266 
 05/15  15:09:00,37.7,32.73793201704868 
 05/15  15:10:00,37.6,32.74122981843019 
 05/15  15:11:00,37.6,32.74448559057353 
 05/15  15:12:00,37.6,32.74769839104884 
 05/15  15:13:00,37.6,32.750867191822394 
 05/15  15:14:00,37.6,32.753990871124174 
 05/15  15:15:00,37.6,32.757068243878805 
 05/15  15:16:00,37.6,32.760098127987376 
 05/15  15:17:00,37.5,32.76307940983694 
 05/15  15:18:00,37.5,32.76601106793929 
 05/15  15:19:00,37.5,32.768892148566195 
 05/15  15:20:00,37.5,32.77172172240582 
 05/15  15:21:00,37.5,32.774498859237724 
 05/15  15:22:00,37.5,32.77722264130665 
 05/15  15:23:00,37.4,32.77989221664857 
 05/15  15:24:00,37.4,32.782506782614966 
 05/15  15:25:00,37.4,32.78506555499191 
 05/15  15:26:00,37.4,32.78756774010031 
 05/15  15:27:00,37.4,32.79001251346668 
 05/15  15:28:00,37.3,32.79239906845167 
 05/15  15:29:00,37.3,32.79472660581737 
 05/15  15:30:00,37.3,32.79699430964131 
 05/15  15:31:00,37.3,32.79920133190001 
 05/15  15:32:00,37.3,32.80134680565022 
 05/15  15:33:00,37.3,32.80342989472508 
 05/15  15:34:00,37.2,32.80544985177851 
 05/15  15:35:00,37.2,32.80740604556852 
 05/15  15:36:00,37.2,32.80929794763891 
 05/15  15:37:00,37.2,32.81112510199077 
 05/15  15:38:00,37.2,32.81288711030109 
 05/15  15:39:00,37.1,32.81458363098996 
 05/15  15:40:00,37.1,32.816214368882456 
 05/15  15:41:00,37.1,32.81777904876334 
 05/15  15:42:00,37.1,32.81927739113293 
 05/15  15:43:00,37.1,32.820709114506805 
 05/15  15:44:00,37.0,32.822073955187 
 05/15  15:45:00,37.0,32.82337167627629 
 05/15  15:46:00,37.0,32.82460205669519 
 05/15  15:47:00,37.0,32.82576487777222 
 05/15  15:48:00,36.9,32.82685991211783 
 05/15  15:49:00,36.9,32.82788690557869 
 05/15  15:50:00,36.9,32.82884555493332 
 05/15  15:51:00,36.9,32.82973550065315 
 05/15  15:52:00,36.9,32.83055635432737 
 05/15  15:53:00,36.8,32.831307745311975 
 05/15  15:54:00,36.8,32.83198935325838 
 05/15  15:55:00,36.8,32.83260091445774 
 05/15  15:56:00,36.8,32.833142218836045 
 05/15  15:57:00,36.7,32.833613102957365 
 05/15  15:58:00,36.7,32.83401343115265 
 05/15  15:59:00,36.7,32.834343068915366 
 05/15  16:00:00,36.7,32.83460186923418 
 05/15  16:01:00,36.6,32.83478966098319 
 05/15  16:02:00,36.6,32.83490625547537 
 05/15  16:03:00,36.6,32.83495144431998 
 05/15  16:04:00,36.6,32.83492501780684 
 05/15  16:05:00,36.5,32.834826755078026 
 05/15  16:06:00,36.5,32.83465643630231 
 05/15  16:07:00,36.5,32.83441384555416 
 05/15  16:08:00,36.5,32.83409877837527 
 05/15  16:09:00,36.4,32.83371105492833 
 05/15  16:10:00,36.4,32.833250524759805 
 05/15  16:11:00,36.4,32.832717061782816 
 05/15  16:12:00,36.4,32.83211056682582 
 05/15  16:13:00,36.3,32.83143097725354 
 05/15  16:14:00,36.3,32.830678268646125 
 05/15  16:15:00,36.3,32.82985244689695 
 05/15  16:16:00,36.3,32.828953548144746 
 05/15  16:17:00,36.2,32.82798164613656 
 05/15  16:18:00,36.2,32.82693685203616 
 05/15  16:19:00,36.2,32.82581930501807 
 05/15  16:20:00,36.2,32.824629171021265 
 05/15  16:21:00,36.1,32.823366649213014 
 05/15  16:22:00,36.1,32.82203197113389 
 05/15  16:23:00,36.1,32.820625390824596 
 05/15  16:24:00,36.0,32.81914716319911 
 05/15  16:25:00,36.0,32.81759750949337 
 05/15  16:26:00,36.0,32.81597658455383 
 05/15  16:27:00,36.0,32.81428447197164 
 05/15  16:28:00,35.9,32.81252120564144 
 05/15  16:29:00,35.9,32.81068679587819 
 05/15  16:30:00,35.9,32.808781250329574 
 05/15  16:31:00,35.8,32.8068045806416 
 05/15  16:32:00,35.8,32.804756790131044 
 05/15  16:33:00,35.8,32.80263785606368 
 05/15  16:34:00,35.8,32.800447732978526 
 05/15  16:35:00,35.7,32.79818637688171 
 05/15  16:36:00,35.7,32.79585376992704 
 05/15  16:37:00,35.7,32.79344993721103 
 05/15  16:38:00,35.7,32.790974967859256 
 05/15  16:39:00,35.6,32.78842903721256 
 05/15  16:40:00,35.6,32.785812414498636 
 05/15  16:41:00,35.6,32.783125455093675 
 05/15  16:42:00,35.5,32.78036857609191 
 05/15  16:43:00,35.5,32.777542215590614 
 05/15  16:44:00,35.5,32.774646791861365 
 05/15  16:45:00,35.4,32.7716826694544 
 05/15  16:46:00,35.4,32.7686501309313 
 05/15  16:47:00,35.4,32.76554936270999 
 05/15  16:48:00,35.4,32.76238047329846 
 05/15  16:49:00,35.3,32.75914353636218 
 05/15  16:50:00,35.3,32.75583863324317 
 05/15  16:51:00,35.3,32.75246588398691 
 05/15  16:52:00,35.2,32.7490254582086 
 05/15  16:53:00,35.2,32.745517562210516 
 05/15  16:54:00,35.2,32.74194241733298 
 05/15  16:55:00,35.2,32.73830025726708 
 05/15  16:56:00,35.1,32.73459134520575 
 05/15  16:57:00,35.1,32.73081599123348 
 05/15  16:58:00,35.1,32.72697456211273 
 05/15  16:59:00,35.0,32.72306747589692 
 05/15  17:00:00,35.0,32.71909517765993 
 05/15  17:01:00,35.0,32.71505811060428 
 05/15  17:02:00,34.9,32.710956689294456 
 05/15  17:03:00,34.9,32.706791274322946 
 05/15  17:04:00,34.9,32.702562157874866 
 05/15  17:05:00,34.9,32.698269579483124 
 05/15  17:06:00,34.8,32.69391376530499 
 05/15  17:07:00,34.8,32.68949496623204 
 05/15  17:08:00,34.8,32.685013484385436 
 05/15  17:09:00,34.7,32.68046967965552 
 05/15  17:10:00,34.7,32.675863952892485 
 05/15  17:11:00,34.7,32.67119672082633 
 05/15  17:12:00,34.7,32.66646841047088 
 05/15  17:13:00,34.6,32.66167947387783 
 05/15  17:14:00,34.6,32.65683040360946 
 05/15  17:15:00,34.6,32.65192174103999 
 05/15  17:16:00,34.5,32.64695406986269 
 05/15  17:17:00,34.5,32.64192799103855 
 05/15  17:18:00,34.5,32.636844093394224 
 05/15  17:19:00,34.5,32.63170294663095 
 05/15  17:20:00,34.4,32.62650511670108 
 05/15  17:21:00,34.4,32.62125118317709 
 05/15  17:22:00,34.4,32.61594175015821 
 05/15  17:23:00,34.3,32.61057744268954 
 05/15  17:24:00,34.3,32.60515888465958 
 05/15  17:25:00,34.3,32.5996866722131 
 05/15  17:26:00,34.3,32.59416136934226 
 05/15  17:27:00,34.2,32.58858352556688 
 05/15  17:28:00,34.2,32.58295369531862 
 05/15  17:29:00,34.2,32.57727245058305 
 05/15  17:30:00,34.1,32.57154037879512 
 05/15  17:31:00,34.1,32.56575806198029 
 05/15  17:32:00,34.1,32.559926051204386 
 05/15  17:33:00,34.0,32.55404484296041 
 05/15  17:34:00,34.0,32.54811485673922 
 05/15  17:35:00,34.0,32.54213642322039 
 05/15  17:36:00,34.0,32.53610980236426 
 05/15  17:37:00,33.9,32.53003522475151 
 05/15  17:38:00,33.9,32.523912931513756 
 05/15  17:39:00,33.9,32.51774320243475 
 05/15  17:40:00,33.8,32.5115263639087 
 05/15  17:41:00,33.8,32.5052627733876 
 05/15  17:42:00,33.8,32.49895279540987 
 05/15  17:43:00,33.7,32.492596776915526 
 05/15  17:44:00,33.7,32.48619502204184 
 05/15  17:45:00,33.7,32.47974777658384 
 05/15  17:46:00,33.6,32.47325522189303 
 05/15  17:47:00,33.6,32.46671747124795 
 05/15  17:48:00,33.6,32.460134574072036 
 05/15  17:49:00,33.5,32.453506525362044 
 05/15  17:50:00,33.5,32.446833272721584 
 05/15  17:51:00,33.5,32.44011472677588 
 05/15  17:52:00,33.5,32.43335079325177 
 05/15  17:53:00,33.4,32.4265414207793 
 05/15  17:54:00,33.4,32.41968664128703 
 05/15  17:55:00,33.4,32.41278659429096 
 05/15  17:56:00,33.3,32.405841528334165 
 05/15  17:57:00,33.3,32.39885177747841 
 05/15  17:58:00,33.3,32.39181772887581 
 05/15  17:59:00,33.2,32.384739789768375 
 05/15  18:00:00,33.2,32.37761835451497 
 05/15  18:01:00,33.2,32.370453782051875 
 05/15  18:02:00,33.2,32.36324640370587 
 05/15  18:03:00,33.1,32.355996555099026 
 05/15  18:04:00,33.1,32.34870460769946 
 05/15  18:05:00,33.1,32.34137098966835 
 05/15  18:06:00,33.1,32.33399620771929 
 05/15  18:07:00,33.1,32.3265808872874 
 05/15  18:08:00,33.0,32.319125816907516 
 05/15  18:09:00,33.0,32.31163196697425 
 05/15  18:10:00,33.0,32.30410047468167 
 05/15  18:11:00,33.0,32.2965326154947 
 05/15  18:12:00,33.0,32.288929789276324 
 05/15  18:13:00,33.0,32.28129353612096 
 05/15  18:14:00,32.9,32.2736255582695 
 05/15  18:15:00,32.9,32.26592771204258 
 05/15  18:16:00,32.9,32.25820196174942 
 05/15  18:17:00,32.9,32.250450320214775 
 05/15  18:18:00,32.9,32.24267480898615 
 05/15  18:19:00,32.8,32.234877436554356 
 05/15  18:20:00,32.8,32.22706017135824 
 05/15  18:21:00,32.8,32.21922490254555 
 05/15  18:22:00,32.8,32.211373406351356 
 05/15  18:23:00,32.8,32.20350734194856 
 05/15  18:24:00,32.7,32.1956282671505 
 05/15  18:25:00,32.7,32.187737645494565 
 05/15  18:26:00,32.7,32.17983683508468 
 05/15  18:27:00,32.7,32.17192707639401 
 05/15  18:28:00,32.7,32.16400950336667 
 05/15  18:29:00,32.6,32.156085169212474 
 05/15  18:30:00,32.6,32.14815505956987 
 05/15  18:31:00,32.6,32.14022008447523 
 05/15  18:32:00,32.6,32.13228106722358 
 05/15  18:33:00,32.6,32.12433875514921 
 05/15  18:34:00,32.5,32.116393844236825 
 05/15  18:35:00,32.5,32.10844699060943 
 05/15  18:36:00,32.5,32.100498800584724 
 05/15  18:37:00,32.5,32.092549817549866 
 05/15  18:38:00,32.5,32.08460053078527 
 05/15  18:39:00,32.4,32.07665139821181 
 05/15  18:40:00,32.4,32.06870285614401 
 05/15  18:41:00,32.4,32.060755307755905 
 05/15  18:42:00,32.4,32.05280910850888 
 05/15  18:43:00,32.4,32.04486457366421 
 05/15  18:44:00,32.3,32.03692199984683 
 05/15  18:45:00,32.3,32.0289816737351 
 05/15  18:46:00,32.3,32.021043859572536 
 05/15  18:47:00,32.3,32.013108783737074 
 05/15  18:48:00,32.2,32.00517662145067 
 05/15  18:49:00,32.2,31.99724747689589 
 05/15  18:50:00,32.2,31.989321359554506 
 05/15  18:51:00,32.2,31.981398176119548 
 05/15  18:52:00,32.2,31.973477757542092 
 05/15  18:53:00,32.1,31.96555990566125 
 05/15  18:54:00,32.1,31.95764442622438 
 05/15  18:55:00,32.1,31.949731136176705 
 05/15  18:56:00,32.1,31.941819861941525 
 05/15  18:57:00,32.1,31.93391045388479 
 05/15  18:58:00,32.0,31.926002809872752 
 05/15  18:59:00,32.0,31.918096882251053 
 05/15  19:00:00,32.0,31.910192661159098 
 05/15  19:01:00,32.0,31.902290153436383 
 05/15  19:02:00,32.0,31.894389383010907 
 05/15  19:03:00,31.9,31.886490405292086 
 05/15  19:04:00,31.9,31.87859330901585 
 05/15  19:05:00,31.9,31.870698197453404 
 05/15  19:06:00,31.9,31.862805167316047 
 05/15  19:07:00,31.9,31.85491431048697 
 05/15  19:08:00,31.9,31.84702575054556 
 05/15  19:09:00,31.8,31.839139687815944 
 05/15  19:10:00,31.8,31.831256414843253 
 05/15  19:11:00,31.8,31.823376292801843 
 05/15  19:12:00,31.8,31.815499712525543 
 05/15  19:13:00,31.8,31.80762707269099 
 05/15  19:14:00,31.8,31.799758793330916 
 05/15  19:15:00,31.8,31.791895362220867 
 05/15  19:16:00,31.7,31.78403737825083 
 05/15  19:17:00,31.7,31.776185552484947 
 05/15  19:18:00,31.7,31.768340662022528 
 05/15  19:19:00,31.7,31.760503486621907 
 05/15  19:20:00,31.7,31.75267476567569 
 05/15  19:21:00,31.7,31.744855196510933 
 05/15  19:22:00,31.6,31.737045452280288 
 05/15  19:23:00,31.6,31.72924618222905 
 05/15  19:24:00,31.6,31.721457983460763 
 05/15  19:25:00,31.6,31.713681365491773 
 05/15  19:26:00,31.6,31.705916737558162 
 05/15  19:27:00,31.6,31.698164434580598 
 05/15  19:28:00,31.5,31.690424757532444 
 05/15  19:29:00,31.5,31.68269799034233 
 05/15  19:30:00,31.5,31.674984382896177 
 05/15  19:31:00,31.5,31.667284122369246 
 05/15  19:32:00,31.5,31.659597323910116 
 05/15  19:33:00,31.4,31.651924037553414 
 05/15  19:34:00,31.4,31.644264247225326 
 05/15  19:35:00,31.4,31.636617854311847 
 05/15  19:36:00,31.4,31.62898466344254 
 05/15  19:37:00,31.4,31.62136439436606 
 05/15  19:38:00,31.4,31.613756730536462 
 05/15  19:39:00,31.3,31.606161376983557 
 05/15  19:40:00,31.3,31.598578088487578 
 05/15  19:41:00,31.3,31.591006657937893 
 05/15  19:42:00,31.3,31.58344688816514 
 05/15  19:43:00,31.3,31.57589857956566 
 05/15  19:44:00,31.3,31.568361551634556 
 05/15  19:45:00,31.2,31.56083567599775 
 05/15  19:46:00,31.2,31.55332088448655 
 05/15  19:47:00,31.2,31.545817142816706 
 05/15  19:48:00,31.2,31.538324412753923 
 05/15  19:49:00,31.2,31.53084263418254 
 05/15  19:50:00,31.1,31.523371724178254 
 05/15  19:51:00,31.1,31.51591156905288 
 05/15  19:52:00,31.1,31.5084620018545 
 05/15  19:53:00,31.1,31.50102278292814 
 05/15  19:54:00,31.1,31.493593607335804 
 05/15  19:55:00,31.1,31.486174149670376 
 05/15  19:56:00,31.0,31.478764118763074 
 05/15  19:57:00,31.0,31.471363283236652 
 05/15  19:58:00,31.0,31.463971457709825 
 05/15  19:59:00,31.0,31.45658847286276 
 05/15  20:00:00,31.0,31.449214161609717 
 05/15  20:01:00,30.9,31.441848359444055 
 05/15  20:02:00,30.9,31.434490895816957 
 05/15  20:03:00,30.9,31.427141569761993 
 05/15  20:04:00,30.9,31.41980012791671 
 05/15  20:05:00,30.9,31.412466269125687 
 05/15  20:06:00,30.8,31.40513966642803 
 05/15  20:07:00,30.8,31.39781997840447 
 05/15  20:08:00,30.8,31.390506840625616 
 05/15  20:09:00,30.8,31.383199854666213 
 05/15  20:10:00,30.8,31.375898599237637 
 05/15  20:11:00,30.7,31.368602655091657 
 05/15  20:12:00,30.7,31.361311616633195 
 05/15  20:13:00,30.7,31.354025081859582 
 05/15  20:14:00,30.7,31.346742638800027 
 05/15  20:15:00,30.7,31.339463873537884 
 05/15  20:16:00,30.6,31.332188391843264 
 05/15  20:17:00,30.6,31.324915827601075 
 05/15  20:18:00,30.6,31.317645829799233 
 05/15  20:19:00,30.6,31.31037804632546 
 05/15  20:20:00,30.6,31.30311212968217 
 05/15  20:21:00,30.5,31.295847756647255 
 05/15  20:22:00,30.5,31.2885846350496 
 05/15  20:23:00,30.5,31.281322489395695 
 05/15  20:24:00,30.5,31.274061043560387 
 05/15  20:25:00,30.5,31.26680002561455 
 05/15  20:26:00,30.4,31.25953918678637 
 05/15  20:27:00,30.4,31.252278307698234 
 05/15  20:28:00,30.4,31.245017183589898 
 05/15  20:29:00,30.4,31.237755606715364 
 05/15  20:30:00,30.4,31.230493370963792 
 05/15  20:31:00,30.3,31.223230290685226 
 05/15  20:32:00,30.3,31.2159662068519 
 05/15  20:33:00,30.3,31.208700972254476 
 05/15  20:34:00,30.3,31.20143443390857 
 05/15  20:35:00,30.3,31.19416643771096 
 05/15  20:36:00,30.2,31.186896847320902 
 05/15  20:37:00,30.2,31.179625550394707 
 05/15  20:38:00,30.2,31.172352443869254 
 05/15  20:39:00,30.2,31.165077416464012 
 05/15  20:40:00,30.2,31.157800353435523 
 05/15  20:41:00,30.1,31.150521155558444 
 05/15  20:42:00,30.1,31.14323974546282 
 05/15  20:43:00,30.1,31.135956053022344 
 05/15  20:44:00,30.1,31.12866999795995 
 05/15  20:45:00,30.0,31.12138147472766 
 05/15  20:46:00,30.0,31.114090330940588 
 05/15  20:47:00,30.0,31.106796342160774 
 05/15  20:48:00,30.0,31.0994992023212 
 05/15  20:49:00,30.0,31.092198549295937 
 05/15  20:50:00,29.9,31.084894010105923 
 05/15  20:51:00,29.9,31.07758523264884 
 05/15  20:52:00,29.9,31.070271891849654 
 05/15  20:53:00,29.9,31.062953686895415 
 05/15  20:54:00,29.9,31.055630354676477 
 05/15  20:55:00,29.8,31.04830169236324 
 05/15  20:56:00,29.8,31.0409675635118 
 05/15  20:57:00,29.8,31.033627880621136 
 05/15  20:58:00,29.8,31.026282583338666 
 05/15  20:59:00,29.7,31.018931618167297 
 05/15  21:00:00,29.7,31.011574911525347 
 05/15  21:01:00,29.7,31.004212339330373 
 05/15  21:02:00,29.7,30.996843712618404 
 05/15  21:03:00,29.7,30.98946879881794 
 05/15  21:04:00,29.6,30.98208736321818 
 05/15  21:05:00,29.6,30.974699197526 
 05/15  21:06:00,29.6,30.967304123377886 
 05/15  21:07:00,29.6,30.95990198741526 
 05/15  21:08:00,29.5,30.952492653018542 
 05/15  21:09:00,29.5,30.945075980879967 
 05/15  21:10:00,29.5,30.937651802410528 
 05/15  21:11:00,29.5,30.930219906437962 
 05/15  21:12:00,29.5,30.922780059685067 
 05/15  21:13:00,29.4,30.915332046286093 
 05/15  21:14:00,29.4,30.907875693781815 
 05/15  21:15:00,29.4,30.900410873842592 
 05/15  21:16:00,29.4,30.892937494576408 
 05/15  21:17:00,29.3,30.885455489670903 
 05/15  21:18:00,29.3,30.87796479663559 
 05/15  21:19:00,29.3,30.87046532817499 
 05/15  21:20:00,29.3,30.862956957150576 
 05/15  21:21:00,29.3,30.855439535603207 
 05/15  21:22:00,29.2,30.847912933072667 
 05/15  21:23:00,29.2,30.840377061632307 
 05/15  21:24:00,29.2,30.83283187585922 
 05/15  21:25:00,29.2,30.825277364563558 
 05/15  21:26:00,29.1,30.817713539497454 
 05/15  21:27:00,29.1,30.81014041328703 
 05/15  21:28:00,29.1,30.802557970595792 
 05/15  21:29:00,29.1,30.794966152954725 
 05/15  21:30:00,29.1,30.78736487771087 
 05/15  21:31:00,29.0,30.779754076321677 
 05/15  21:32:00,29.0,30.77213371940844 
 05/15  21:33:00,29.0,30.76450381678213 
 05/15  21:34:00,29.0,30.75686440925353 
 05/15  21:35:00,28.9,30.749215557441055 
 05/15  21:36:00,28.9,30.74155731981636 
 05/15  21:37:00,28.9,30.733889723991187 
 05/15  21:38:00,28.9,30.726212751673163 
 05/15  21:39:00,28.8,30.718526337786653 
 05/15  21:40:00,28.8,30.710830368291283 
 05/15  21:41:00,28.8,30.70312467374308 
 05/15  21:42:00,28.8,30.69540903437632 
 05/15  21:43:00,28.7,30.687683194910324 
 05/15  21:44:00,28.7,30.679946873057457 
 05/15  21:45:00,28.7,30.672199759233227 
 05/15  21:46:00,28.7,30.664441524149087 
 05/15  21:47:00,28.7,30.656671853431305 
 05/15  21:48:00,28.6,30.64889049483445 
 05/15  21:49:00,28.6,30.641097286650666 
 05/15  21:50:00,28.6,30.63329215697035 
 05/15  21:51:00,28.6,30.625475111964008 
 05/15  21:52:00,28.5,30.61764621953207 
 05/15  21:53:00,28.5,30.60980558142912 
 05/15  21:54:00,28.5,30.601953298473436 
 05/15  21:55:00,28.5,30.594089449659712 
 05/15  21:56:00,28.4,30.586214085908598 
 05/15  21:57:00,28.4,30.57832722311252 
 05/15  21:58:00,28.4,30.570428831564524 
 05/15  21:59:00,28.4,30.562518837531407 
 05/15  22:00:00,28.3,30.55459713513563 
 05/15  22:01:00,28.3,30.546663592471948 
 05/15  22:02:00,28.3,30.538718049397144 
 05/15  22:03:00,28.3,30.530760323602433 
 05/15  22:04:00,28.3,30.52279024404449 
 05/15  22:05:00,28.2,30.514807697255154 
 05/15  22:06:00,28.2,30.506812655094656 
 05/15  22:07:00,28.2,30.49880517356444 
 05/15  22:08:00,28.2,30.490785380804216 
 05/15  22:09:00,28.1,30.48275346058661 
 05/15  22:10:00,28.1,30.474709624392837 
 05/15  22:11:00,28.1,30.46665407665641 
 05/15  22:12:00,28.1,30.458586993966556 
 05/15  22:13:00,28.0,30.450508518950407 
 05/15  22:14:00,28.0,30.442418753488063 
 05/15  22:15:00,28.0,30.434317748338376 
 05/15  22:16:00,28.0,30.426205504921906 
 05/15  22:17:00,27.9,30.418081987420507 
 05/15  22:18:00,27.9,30.409947129121136 
 05/15  22:19:00,27.9,30.40180083043882 
 05/15  22:20:00,27.9,30.39364296521813 
 05/15  22:21:00,27.8,30.385473394449658 
 05/15  22:22:00,27.8,30.377291972229532 
 05/15  22:23:00,27.8,30.36909854213399 
 05/15  22:24:00,27.8,30.360892941165893 
 05/15  22:25:00,27.8,30.35267503073564 
 05/15  22:26:00,27.7,30.344444740470152 
 05/15  22:27:00,27.7,30.33620209359657 
 05/15  22:28:00,27.7,30.327947203614247 
 05/15  22:29:00,27.7,30.319680260413474 
 05/15  22:30:00,27.6,30.311401512162686 
 05/15  22:31:00,27.6,30.30311123604336 
 05/15  22:32:00,27.6,30.29480970239707 
 05/15  22:33:00,27.6,30.28649715304024 
 05/15  22:34:00,27.5,30.27817379443877 
 05/15  22:35:00,27.5,30.269839790378192 
 05/15  22:36:00,27.5,30.261495251183018 
 05/15  22:37:00,27.5,30.253140235200647 
 05/15  22:38:00,27.4,30.244774760690465 
 05/15  22:39:00,27.4,30.236398812037116 
 05/15  22:40:00,27.4,30.228012337708886 
 05/15  22:41:00,27.4,30.219615256538923 
 05/15  22:42:00,27.3,30.211207471456152 
 05/15  22:43:00,27.3,30.202788875493628 
 05/15  22:44:00,27.3,30.194359348239594 
 05/15  22:45:00,27.3,30.185918759872852 
 05/15  22:46:00,27.2,30.177466982313305 
 05/15  22:47:00,27.2,30.169003892588552 
 05/15  22:48:00,27.2,30.16052936675304 
 05/15  22:49:00,27.2,30.152043281597454 
 05/15  22:50:00,27.1,30.143545523727195 
 05/15  22:51:00,27.1,30.135035991126845 
 05/15  22:52:00,27.1,30.126514585540896 
 05/15  22:53:00,27.1,30.117981212888484 
 05/15  22:54:00,27.0,30.10943579126677 
 05/15  22:55:00,27.0,30.100878251635027 
 05/15  22:56:00,27.0,30.092308529483542 
 05/15  22:57:00,27.0,30.083726564678305 
 05/15  22:58:00,27.0,30.075132328925026 
 05/15  22:59:00,26.9,30.06652586662418 
 05/15  23:00:00,26.9,30.057907317836907 
 05/15  23:01:00,26.9,30.049276913021544 
 05/15  23:02:00,26.9,30.04063495762054 
 05/15  23:03:00,26.8,30.03198181275614 
 05/15  23:04:00,26.8,30.02331786506676 
 05/15  23:05:00,26.8,30.01464349019679 
 05/15  23:06:00,26.8,30.005959030636106 
 05/15  23:07:00,26.7,29.997264788566493 
 05/15  23:08:00,26.7,29.988561018333918 
 05/15  23:09:00,26.7,29.979847915576524 
 05/15  23:10:00,26.7,29.97112561868812 
 05/15  23:11:00,26.6,29.96239422074269 
 05/15  23:12:00,26.6,29.953653765560055 
 05/15  23:13:00,26.6,29.94490426481083 
 05/15  23:14:00,26.6,29.936145699941054 
 05/15  23:15:00,26.5,29.927378021826463 
 05/15  23:16:00,26.5,29.91860116459025 
 05/15  23:17:00,26.5,29.909815056946318 
 05/15  23:18:00,26.5,29.90101961824276 
 05/15  23:19:00,26.4,29.89221475453141 
 05/15  23:20:00,26.4,29.883400369993545 
 05/15  23:21:00,26.4,29.874576365836358 
 05/15  23:22:00,26.4,29.86574265338359 
 05/15  23:23:00,26.3,29.856899143530345 
 05/15  23:24:00,26.3,29.848045752412304 
 05/15  23:25:00,26.3,29.839182397613786 
 05/15  23:26:00,26.3,29.830309010133966 
 05/15  23:27:00,26.2,29.82142552300033 
 05/15  23:28:00,26.2,29.812531876269986 
 05/15  23:29:00,26.2,29.803628012614205 
 05/15  23:30:00,26.2,29.79471388877989 
 05/15  23:31:00,26.1,29.78578946366647 
 05/15  23:32:00,26.1,29.77685470299275 
 05/15  23:33:00,26.1,29.767909574628185 
 05/15  23:34:00,26.1,29.758954049418893 
 05/15  23:35:00,26.1,29.749988138884476 
 05/15  23:36:00,26.0,29.741011916188498 
 05/15  23:37:00,26.0,29.73202554349421 
 05/15  23:38:00,26.0,29.723029270722055 
 05/15  23:39:00,26.0,29.714023431841884 
 05/15  23:40:00,25.9,29.705008406028647 
 05/15  23:41:00,25.9,29.69598459187348 
 05/15  23:42:00,25.9,29.686952374845273 
 05/15  23:43:00,25.9,29.677912116819222 
 05/15  23:44:00,25.8,29.66886412936922 
 05/15  23:45:00,25.8,29.6598086706073 
 05/15  23:46:00,25.8,29.650745938269043 
 05/15  23:47:00,25.8,29.64167607236801 
 05/15  23:48:00,25.7,29.63259916701973 
 05/15  23:49:00,25.7,29.623515276466545 
 05/15  23:50:00,25.7,29.614424413034 
 05/15  23:51:00,25.7,29.605326553545517 
 05/15  23:52:00,25.6,29.596221653227694 
 05/15  23:53:00,25.6,29.587109651947287 
 05/15  23:54:00,25.6,29.57799047092305 
 05/15  23:55:00,25.6,29.568864017013414 
 05/15  23:56:00,25.5,29.559730194087262 
 05/15  23:57:00,25.5,29.550588906635962 
 05/15  23:58:00,25.5,29.541440053957057 
 05/15  23:59:00,25.5,29.532283532110355 
 05/15  24:00:00,0.0,29.523114163389316 
